trio_name	clade	role	code	accession	notes
Acraus1_Acrten2_Acrspa3	cnidaria	A	Acraus1	GCA_964273435.1	
Acraus1_Acrten2_Acrspa3	cnidaria	B	Acrten2	GCA_014633955.1	
Acraus1_Acrten2_Acrspa3	cnidaria	C	Acrspa3	GCA_031770025.1	
Acrdig1_Acrhya2_Acrmil3	cnidaria	A	Acrdig1	GCF_000222465.1	dup_species_across_trios
Acrdig1_Acrhya2_Acrmil3	cnidaria	B	Acrhya2	GCA_964291705.1	dup_species_across_trios
Acrdig1_Acrhya2_Acrmil3	cnidaria	C	Acrmil3	GCF_013753865.1	
Acrdig1_Acrhya2_Acrspi3	cnidaria	A	Acrdig1	GCF_000222465.1	dup_species_across_trios
Acrdig1_Acrhya2_Acrspi3	cnidaria	B	Acrhya2	GCA_964291705.1	dup_species_across_trios
Acrdig1_Acrhya2_Acrspi3	cnidaria	C	Acrspi3	GCA_964261235.1	
Acrmil1_Acrnas2_Acrmic3	cnidaria	A	Acrmil1	GCF_013753865.1	
Acrmil1_Acrnas2_Acrmic3	cnidaria	B	Acrnas2	GCA_014634205.1	
Acrmil1_Acrnas2_Acrmic3	cnidaria	C	Acrmic3	GCA_014634165.1	
Agabis1_Agabit2_Agasin3	fungi	A	Agabis1	GCF_000300575.1	
Agabis1_Agabit2_Agasin3	fungi	B	Agabit2	GCA_030246685.1	
Agabis1_Agabit2_Agasin3	fungi	C	Agasin3	GCA_022315185.1	
Anoara1_Anogam2_Anomer3	arthropoda	A	Anoara1	GCF_016920715.1	
Anoara1_Anogam2_Anomer3	arthropoda	B	Anogam2	GCF_943734735.2	
Anoara1_Anogam2_Anomer3	arthropoda	C	Anomer3	GCF_017562075.2	
Apidor1_Apimel2_Apicer3	arthropoda	A	Apidor1	GCF_000469605.1	
Apidor1_Apimel2_Apicer3	arthropoda	B	Apimel2	GCF_003254395.2	
Apidor1_Apimel2_Apicer3	arthropoda	C	Apicer3	GCF_029169275.1	
Aplcau1_Aplaer2_Aplcav3	porifera	A	Aplcau1	GCA_965643675.1	
Aplcau1_Aplaer2_Aplcav3	porifera	B	Aplaer2	GCA_949841015.1	
Aplcau1_Aplaer2_Aplcav3	porifera	C	Aplcav3	GCA_964659575.1	
Apovar1_Apotra2_Apooss3	fungi	A	Apovar1	GCA_002749535.1	
Apovar1_Apotra2_Apooss3	fungi	B	Apotra2	GCA_000696975.1	
Apovar1_Apotra2_Apooss3	fungi	C	Apooss3	GCA_014839865.1	
Armbor1_Armgal2_Armalt3	fungi	A	Armbor1	GCA_030435635.1	
Armbor1_Armgal2_Armalt3	fungi	B	Armgal2	GCA_037576215.1	
Armbor1_Armgal2_Armalt3	fungi	C	Armalt3	GCA_022818075.1	
Bolbar1_Bolret2_Bolnob3	fungi	A	Bolbar1	GCA_038088775.1	
Bolbar1_Bolret2_Bolnob3	fungi	B	Bolret2	GCA_038093535.1	dup_species_across_trios
Bolbar1_Bolret2_Bolnob3	fungi	C	Bolnob3	GCA_038088815.1	
Bolnan1_Boltom2_Bolmar3	fungi	A	Bolnan1	GCA_038093035.1	
Bolnan1_Boltom2_Bolmar3	fungi	B	Boltom2	GCA_038092475.1	
Bolnan1_Boltom2_Bolmar3	fungi	C	Bolmar3	GCA_038093055.1	
Bolrex1_Bolret2_Boledu3	fungi	A	Bolrex1	GCA_038088795.1	
Bolrex1_Bolret2_Boledu3	fungi	B	Bolret2	GCA_018397855.1	dup_species_across_trios
Bolrex1_Bolret2_Boledu3	fungi	C	Boledu3	GCA_015179015.1	
Bolsem1_Boltyl2_Bolpse3	fungi	A	Bolsem1	GCA_038090295.1	
Bolsem1_Boltyl2_Bolpse3	fungi	B	Boltyl2	GCA_038093875.1	
Bolsem1_Boltyl2_Bolpse3	fungi	C	Bolpse3	GCA_038092835.1	
Bolvar1_Boledu2_Bolrex3	fungi	A	Bolvar1	GCA_038092395.1	
Bolvar1_Boledu2_Bolrex3	fungi	B	Boledu2	GCA_015179015.1	
Bolvar1_Boledu2_Bolrex3	fungi	C	Bolrex3	GCA_038088795.1	
Bomhut1_Bommor2_Bomman3	arthropoda	A	Bomhut1	GCA_002197625.1	
Bomhut1_Bommor2_Bomman3	arthropoda	B	Bommor2	GCF_030269925.1	
Bomhut1_Bommor2_Bomman3	arthropoda	C	Bomman3	GCF_003987935.1	
Casorn1_Casxam2_Casand3	cnidaria	A	Casorn1	GCA_964304725.1	
Casorn1_Casxam2_Casand3	cnidaria	B	Casxam2	GCA_964235115.1	
Casorn1_Casxam2_Casand3	cnidaria	C	Casand3	GCA_018155075.1	
Chrfus1_Chrqui2_Chrche3	cnidaria	A	Chrfus1	GCA_009936425.2	
Chrfus1_Chrqui2_Chrche3	cnidaria	B	Chrqui2	GCA_014526335.2	
Chrfus1_Chrqui2_Chrche3	cnidaria	C	Chrche3	GCA_011763395.2	
Crypar1_Cryhom2_Crycun3	apicomplexa	A	Crypar1	GCF_000165345.1	
Crypar1_Cryhom2_Crycun3	apicomplexa	B	Cryhom2	GCF_000006425.1	
Crypar1_Cryhom2_Crycun3	apicomplexa	C	Crycun3	GCA_004337835.1	
Cypsal1_Orbfav2_Orbfra3	cnidaria	A	Cypsal1	GCA_964194085.1	
Cypsal1_Orbfav2_Orbfra3	cnidaria	B	Orbfav2	GCF_002042975.1	dup_species_across_trios
Cypsal1_Orbfav2_Orbfra3	cnidaria	C	Orbfra3	GCA_964199315.1	
Denhet1_Gigros2_Gigmar3	fungi	A	Denhet1	GCA_910591775.1	
Denhet1_Gigros2_Gigmar3	fungi	B	Gigros2	GCA_003550325.1	
Denhet1_Gigros2_Gigmar3	fungi	C	Gigmar3	GCA_009809945.1	
Dromel1_Drosim2_Drosec3	arthropoda	A	Dromel1	GCF_000001215.4	
Dromel1_Drosim2_Drosec3	arthropoda	B	Drosim2	GCF_016746395.2	
Dromel1_Drosim2_Drosec3	arthropoda	C	Drosec3	GCF_004382195.2	
Dunaxi1_Dencri2_Tubcoc3	cnidaria	A	Dunaxi1	GCA_964258685.1	
Dunaxi1_Dencri2_Tubcoc3	cnidaria	B	Dencri2	GCA_024195265.1	
Dunaxi1_Dencri2_Tubcoc3	cnidaria	C	Tubcoc3	GCA_047759845.1	
Echhor1_Orbfav2_Cypsal3	cnidaria	A	Echhor1	GCA_964199735.2	
Echhor1_Orbfav2_Cypsal3	cnidaria	B	Orbfav2	GCF_002042975.1	dup_species_across_trios
Echhor1_Orbfav2_Cypsal3	cnidaria	C	Cypsal3	GCA_964194085.1	
Elosen1_Elodim2_Elound3	oomycota	A	Elosen1	GCA_023335835.1	
Elosen1_Elodim2_Elound3	oomycota	B	Elodim2	GCA_023336395.1	
Elosen1_Elodim2_Elound3	oomycota	C	Elound3	GCA_023334555.1	
Epiill1_Epiram2_Epipla3	cnidaria	A	Epiill1	GCA_026546655.1	
Epiill1_Epiram2_Epipla3	cnidaria	B	Epiram2	GCA_026413505.1	
Epiill1_Epiram2_Epipla3	cnidaria	C	Epipla3	GCA_025388665.1	
Fungeo1_Funcal2_Funmos3	fungi	A	Fungeo1	GCA_946474995.1	
Fungeo1_Funcal2_Funmos3	fungi	B	Funcal2	GCA_910591825.1	
Fungeo1_Funcal2_Funmos3	fungi	C	Funmos3	GCA_910592005.1	
Glocan1_Gloced2_Gloiwa3	oomycota	A	Glocan1	GCA_023334305.1	
Glocan1_Gloced2_Gloiwa3	oomycota	B	Gloced2	GCA_023334245.1	
Glocan1_Gloced2_Gloiwa3	oomycota	C	Gloiwa3	GCA_023336215.1	
Glohex1_Glomae2_Glomar3	arthropoda	A	Glohex1	GCA_034695945.1	
Glohex1_Glomae2_Glomar3	arthropoda	B	Glomae2	GCA_023279145.1	
Glohex1_Glomae2_Glomar3	arthropoda	C	Glomar3	GCA_034696005.1	
Glonod1_Glonun2_Gloort3	oomycota	A	Glonod1	GCA_023334105.1	
Glonod1_Glonun2_Gloort3	oomycota	B	Glonun2	GCA_023334075.1	
Glonod1_Glonun2_Gloort3	oomycota	C	Gloort3	GCA_023334005.1	
Gloper1_Glonod2_Gloaca3	oomycota	A	Gloper1	GCA_023333865.1	
Gloper1_Glonod2_Gloaca3	oomycota	B	Glonod2	GCA_023334105.1	
Gloper1_Glonod2_Gloaca3	oomycota	C	Gloaca3	GCA_023334365.1	
Grybim1_Gryass2_Grylon3	arthropoda	A	Grybim1	GCA_965638035.1	
Grybim1_Gryass2_Grylon3	arthropoda	B	Gryass2	GCA_046254815.1	
Grybim1_Gryass2_Grylon3	arthropoda	C	Grylon3	GCA_038098605.1	
Hetmag1_Stihad2_Stimer3	cnidaria	A	Hetmag1	GCA_011763375.2	
Hetmag1_Stihad2_Stimer3	cnidaria	B	Stihad2	GCA_049996035.1	
Hetmag1_Stihad2_Stimer3	cnidaria	C	Stimer3	GCA_011800005.2	
Hetver1_Phycru2_Phylol3	cnidaria	A	Hetver1	GCA_044474045.1	
Hetver1_Phycru2_Phylol3	cnidaria	B	Phycru2	GCA_009858155.3	
Hetver1_Phycru2_Phylol3	cnidaria	C	Phylol3	GCA_044473265.1	
Inosue1_Inotig2_Inoflo3	fungi	A	Inosue1	GCA_043168805.1	
Inosue1_Inotig2_Inoflo3	fungi	B	Inotig2	GCA_964248975.1	
Inosue1_Inotig2_Inoflo3	fungi	C	Inoflo3	GCA_043167125.1	
Isatub1_Zoasoc2_Zoapul3	cnidaria	A	Isatub1	GCA_025447995.2	
Isatub1_Zoasoc2_Zoapul3	cnidaria	B	Zoasoc2	GCA_025331085.1	
Isatub1_Zoasoc2_Zoapul3	cnidaria	C	Zoapul3	GCA_027575285.1	
Lacaka1_Lachen2_Lacpse3	fungi	A	Lacaka1	GCA_021524915.1	
Lacaka1_Lachen2_Lacpse3	fungi	B	Lachen2	GCA_021525025.1	
Lacaka1_Lachen2_Lacpse3	fungi	C	Lacpse3	GCA_021525015.1	
Lacame1_Lacbic2_Lactri3	fungi	A	Lacame1	GCA_000827195.1	
Lacame1_Lacbic2_Lactri3	fungi	B	Lacbic2	GCF_000143565.1	
Lacame1_Lacbic2_Lactri3	fungi	C	Lactri3	GCA_018417955.1	
Lacsan1_Lacdel2_Lachat3	fungi	A	Lacsan1	GCA_021527775.1	
Lacsan1_Lacdel2_Lachat3	fungi	B	Lacdel2	GCA_021525775.1	
Lacsan1_Lacdel2_Lachat3	fungi	C	Lachat3	GCA_024734325.1	
Lamdig1_Lamset2_Lamsin3	phaeophyceae	A	Lamdig1	GCA_964200635.2	
Lamdig1_Lamset2_Lamsin3	phaeophyceae	B	Lamset2	GCA_037834435.1	
Lamdig1_Lamset2_Lamsin3	phaeophyceae	C	Lamsin3	GCA_036873665.1	
Lecglu1_Lecdis2_Lecpro3	fungi	A	Lecglu1	GCA_038092055.1	
Lecglu1_Lecdis2_Lecpro3	fungi	B	Lecdis2	GCA_038092035.1	
Lecglu1_Lecdis2_Lecpro3	fungi	C	Lecpro3	GCA_038091695.1	
Lecobs1_Lecins2_Lecimi3	fungi	A	Lecobs1	GCA_038091815.1	
Lecobs1_Lecins2_Lecimi3	fungi	B	Lecins2	GCA_038091875.1	
Lecobs1_Lecins2_Lecimi3	fungi	C	Lecimi3	GCA_038091955.1	
Lenedo1_Lenlat2_Lennov3	fungi	A	Lenedo1	GCF_021015755.1	
Lenedo1_Lenlat2_Lennov3	fungi	B	Lenlat2	GCA_028011325.1	
Lenedo1_Lenlat2_Lennov3	fungi	C	Lennov3	GCA_027921425.1	
Moncap1_Mongri2_Moneff3	cnidaria	A	Moncap1	GCA_949126865.1	
Moncap1_Mongri2_Moneff3	cnidaria	B	Mongri2	GCA_043882275.1	
Moncap1_Mongri2_Moneff3	cnidaria	C	Moneff3	GCA_014634505.1	
Morsny1_Morimp2_Morsex3	fungi	A	Morsny1	GCA_024521645.1	
Morsny1_Morimp2_Morsex3	fungi	B	Morimp2	GCF_003444635.1	
Morsny1_Morimp2_Morsex3	fungi	C	Morsex3	GCF_020137385.1	
Palcar1_Palmut2_Palgra3	cnidaria	A	Palcar1	GCA_965234985.1	
Palcar1_Palmut2_Palgra3	cnidaria	B	Palmut2	GCA_027575235.1	
Palcar1_Palmut2_Palgra3	cnidaria	C	Palgra3	GCA_026546935.1	
Palmiz1_Palcar2_Palmut3	cnidaria	A	Palmiz1	GCA_042846405.1	
Palmiz1_Palcar2_Palmut3	cnidaria	B	Palcar2	GCA_965234985.1	
Palmiz1_Palcar2_Palmut3	cnidaria	C	Palmut3	GCA_027575235.1	
Panpas1_Panlon2_Pancyg3	arthropoda	A	Panpas1	GCA_032361865.1	
Panpas1_Panlon2_Pancyg3	arthropoda	B	Panlon2	GCA_032273845.1	
Panpas1_Panlon2_Pancyg3	arthropoda	C	Pancyg3	GCA_032361485.1	
Panver1_Panhom2_Panorn3	arthropoda	A	Panver1	GCA_032361705.1	
Panver1_Panhom2_Panorn3	arthropoda	B	Panhom2	GCA_043589495.1	
Panver1_Panhom2_Panorn3	arthropoda	C	Panorn3	GCF_036320965.1	
Paratl1_Pardar2_Parswi3	cnidaria	A	Paratl1	GCA_025448195.2	
Paratl1_Pardar2_Parswi3	cnidaria	B	Pardar2	GCA_025403605.1	
Paratl1_Pardar2_Parswi3	cnidaria	C	Parswi3	GCA_025403585.1	
Parbra1_Parocc2_Parocc3	fungi	A	Parbra1	GCA_910592345.1	
Parbra1_Parocc2_Parocc3	fungi	B	Parocc2	GCA_910592205.1	
Parbra1_Parocc2_Parocc3	fungi	C	Parocc3	GCA_022605545.1	
Parpap1_Corrub2_Hemimp3	cnidaria	A	Parpap1	GCA_035771165.1	
Parpap1_Corrub2_Hemimp3	cnidaria	B	Corrub2	GCA_964265095.1	
Parpap1_Corrub2_Hemimp3	cnidaria	C	Hemimp3	GCA_045791825.1	
Phemar1_Phesto2_Phesub3	cnidaria	A	Phemar1	GCA_025400095.1	
Phemar1_Phesto2_Phesub3	cnidaria	B	Phesto2	GCA_025400075.2	
Phemar1_Phesto2_Phesub3	cnidaria	C	Phesub3	GCA_025434845.1	
Phycit1_Phycol2_Phymea3	oomycota	A	Phycit1	GCA_031305395.1	
Phycit1_Phycol2_Phymea3	oomycota	B	Phycol2	GCA_018806915.1	
Phycit1_Phycol2_Phymea3	oomycota	C	Phymea3	GCA_032432875.1	
Phydel1_Phyaic2_Phylit3	oomycota	A	Phydel1	GCA_023338175.1	
Phydel1_Phyaic2_Phylit3	oomycota	B	Phyaic2	GCA_023338125.1	
Phydel1_Phyaic2_Phylit3	oomycota	C	Phylit3	GCA_023338075.1	
Phyida1_Phycac2_Phyhed3	oomycota	A	Phyida1	GCA_016880985.1	
Phyida1_Phycac2_Phyhed3	oomycota	B	Phycac2	GCA_016864655.1	
Phyida1_Phycac2_Phyhed3	oomycota	C	Phyhed3	GCA_042082605.1	
Phylit1_Phybor2_Physin3	oomycota	A	Phylit1	GCA_023338075.1	
Phylit1_Phybor2_Physin3	oomycota	B	Phybor2	GCA_023338115.1	
Phylit1_Phybor2_Physin3	oomycota	C	Physin3	GCA_023334395.1	
Phymir1_Phykan2_Phyoed3	oomycota	A	Phymir1	GCA_023338055.1	
Phymir1_Phykan2_Phyoed3	oomycota	B	Phykan2	GCA_023338135.1	
Phymir1_Phykan2_Phyoed3	oomycota	C	Phyoed3	GCA_023338025.1	
Phynie1_Physoj2_Phypis3	oomycota	A	Phynie1	GCA_024679275.1	
Phynie1_Physoj2_Phypis3	oomycota	B	Physoj2	GCF_000149755.1	
Phynie1_Physoj2_Phypis3	oomycota	C	Phypis3	GCA_024679225.1	
Phypis1_Phycaj2_Phyvig3	oomycota	A	Phypis1	GCA_024679115.1	
Phypis1_Phycaj2_Phyvig3	oomycota	B	Phycaj2	GCA_024679175.1	
Phypis1_Phycaj2_Phyvig3	oomycota	C	Phyvig3	GCA_016169955.1	
Phyuli1_Phyfle2_Phyeur3	oomycota	A	Phyuli1	GCA_024679075.1	
Phyuli1_Phyfle2_Phyeur3	oomycota	B	Phyfle2	GCA_042082425.1	
Phyuli1_Phyfle2_Phyeur3	oomycota	C	Phyeur3	GCA_030463285.1	
Placha1_Plaber2_Playoe3	apicomplexa	A	Placha1	GCF_900002335.3	
Placha1_Plaber2_Playoe3	apicomplexa	B	Plaber2	GCF_900002375.2	
Placha1_Plaber2_Playoe3	apicomplexa	C	Playoe3	GCF_900002385.2	
Placoa1_Placyn2_Plainu3	apicomplexa	A	Placoa1	GCF_001680005.1	
Placoa1_Placyn2_Plainu3	apicomplexa	B	Placyn2	GCF_000321355.1	
Placoa1_Placyn2_Plainu3	apicomplexa	C	Plainu3	GCF_000524495.1	
Plagab1_Plafal2_Plarei3	apicomplexa	A	Plagab1	GCF_001602025.1	
Plagab1_Plafal2_Plarei3	apicomplexa	B	Plafal2	GCF_000002765.6	
Plagab1_Plafal2_Plarei3	apicomplexa	C	Plarei3	GCF_001601855.1	
Pleost1_Pleery2_Pletuo3	fungi	A	Pleost1	GCF_014466165.1	
Pleost1_Pleery2_Pletuo3	fungi	B	Pleery2	GCA_029467805.1	
Pleost1_Pleery2_Pletuo3	fungi	C	Pletuo3	GCA_036872985.1	
Pocgra1_Pocver2_Pocdam3	cnidaria	A	Pocgra1	GCA_964027065.2	
Pocgra1_Pocver2_Pocdam3	cnidaria	B	Pocver2	GCF_036669915.1	dup_species_across_trios
Pocgra1_Pocver2_Pocdam3	cnidaria	C	Pocdam3	GCF_003704095.1	dup_species_across_trios
Podmar1_Podpis2_Podrug3	fungi	A	Podmar1	GCA_018524725.1	
Podmar1_Podpis2_Podrug3	fungi	B	Podpis2	GCA_018524465.1	
Podmar1_Podpis2_Podrug3	fungi	C	Podrug3	GCA_018524415.1	
Podmin1_Podver2_Podhum3	fungi	A	Podmin1	GCA_016098005.1	
Podmin1_Podver2_Podhum3	fungi	B	Podver2	GCA_000739165.1	
Podmin1_Podver2_Podhum3	fungi	C	Podhum3	GCA_025677895.1	
Podver1_Podclo2_Podmin3	fungi	A	Podver1	GCA_000739165.1	
Podver1_Podclo2_Podmin3	fungi	B	Podclo2	GCA_015852385.1	
Podver1_Podclo2_Podmin3	fungi	C	Podmin3	GCA_016098005.1	
Porrus1_Poraus2_Porcyl3	cnidaria	A	Porrus1	GCA_964035705.1	dup_species_across_trios
Porrus1_Poraus2_Porcyl3	cnidaria	B	Poraus2	GCA_022179025.1	
Porrus1_Poraus2_Porcyl3	cnidaria	C	Porcyl3	GCA_964035525.1	
Porrus1_Porlob2_Porlut3	cnidaria	A	Porrus1	GCA_964035705.1	dup_species_across_trios
Porrus1_Porlob2_Porlut3	cnidaria	B	Porlob2	GCA_942486035.1	
Porrus1_Porlob2_Porlut3	cnidaria	C	Porlut3	GCF_958299795.1	
Portri1_Porseg2_Porpel3	arthropoda	A	Portri1	GCF_017591435.1	
Portri1_Porseg2_Porpel3	arthropoda	B	Porseg2	GCA_965230865.2	
Portri1_Porseg2_Porpel3	arthropoda	C	Porpel3	GCA_035046885.1	
Rhicla1_Rhiirr2_Rhipro3	fungi	A	Rhicla1	GCA_015698045.1	
Rhicla1_Rhiirr2_Rhipro3	fungi	B	Rhiirr2	GCF_026210795.1	dup_species_across_trios
Rhicla1_Rhiirr2_Rhipro3	fungi	C	Rhipro3	GCA_019425655.1	
Rhipro1_Rhiirr2_Rhiirr3	fungi	A	Rhipro1	GCA_019425655.1	
Rhipro1_Rhiirr2_Rhiirr3	fungi	B	Rhiirr2	GCF_026210795.1	dup_species_across_trios
Rhipro1_Rhiirr2_Rhiirr3	fungi	C	Rhiirr3	GCA_020716745.1	
Rusabi1_Rusgri2_Ruslep3	fungi	A	Rusabi1	GCA_003313715.1	
Rusabi1_Rusgri2_Ruslep3	fungi	B	Rusgri2	GCA_022884055.1	
Rusabi1_Rusgri2_Ruslep3	fungi	C	Ruslep3	GCA_003316425.1	
Sacses1_Saclat2_Sacjap3	phaeophyceae	A	Sacses1	GCA_032270885.1	
Sacses1_Saclat2_Sacjap3	phaeophyceae	B	Saclat2	GCA_034768055.1	
Sacses1_Saclat2_Sacjap3	phaeophyceae	C	Sacjap3	GCA_048937375.1	
Strmar1_Strcra2_Stracu3	arthropoda	A	Strmar1	GCA_000239455.1	
Strmar1_Strcra2_Stracu3	arthropoda	B	Strcra2	GCA_034683725.1	
Strmar1_Strcra2_Stracu3	arthropoda	C	Stracu3	GCA_949358305.1	
Strpac1_Strluc2_Strste3	fungi	A	Strpac1	GCA_019915135.1	
Strpac1_Strluc2_Strste3	fungi	B	Strluc2	GCA_019915105.1	
Strpac1_Strluc2_Strste3	fungi	C	Strste3	GCA_019915075.1	
Stypis1_Pocver2_Pocdam3	cnidaria	A	Stypis1	GCF_002571385.2	
Stypis1_Pocver2_Pocdam3	cnidaria	B	Pocver2	GCF_036669915.1	dup_species_across_trios
Stypis1_Pocver2_Pocdam3	cnidaria	C	Pocdam3	GCF_003704095.1	dup_species_across_trios
Trimad1_Tricas2_Trifre3	arthropoda	A	Trimad1	GCF_015345945.1	
Trimad1_Tricas2_Trifre3	arthropoda	B	Tricas2	GCF_031307605.1	
Trimad1_Tricas2_Trifre3	arthropoda	C	Trifre3	GCA_939628115.1	
Umikan1_Umicha2_Umipar3	cnidaria	A	Umikan1	GCA_025403525.1	
Umikan1_Umicha2_Umipar3	cnidaria	B	Umicha2	GCA_025448255.1	
Umikan1_Umicha2_Umipar3	cnidaria	C	Umipar3	GCA_027575125.1	
